resp2,token,resp1
3,1,5
4,2,4
5,3,4
5,4,3
5,5,4
5,6,1
5,7,3
5,8,3
5,9,1
5,10,3
5,11,1
3,12,4
3,13,5
3,14,4
4,15,4
4,16,4
4,17,4
5,18,2
4,19,4
4,20,3
5,21,3
5,22,5
4,23,3
4,24,3
3,25,5
3,26,5
2,27,5
2,28,5
2,29,2
3,30,1
3,31,2
2,32,2
3,33,2
3,34,2
3,35,1
2,36,1
2,37,1
2,38,1
3,39,3
3,40,2
2,41,3
2,42,3
3,43,3
2,44,5
3,45,3
4,46,1
1,47,1
2,48,5
2,49,4
1,50,5
5,51,1
3,52,5
2,53,2
2,54,1
3,55,2
3,56,2
2,57,2
3,58,2
5,59,5
5,60,5
5,61,5
5,62,5
5,63,5
5,64,5
5,65,5
5,66,5
5,67,5
5,68,5
5,69,5
5,70,5
5,71,5
2,72,5
3,73,5
2,74,5
3,75,5
2,76,5
3,77,5
2,78,5
3,79,5
3,80,5
3,81,5
3,82,5
3,83,5
4,84,3
3,85,4
4,86,5
4,87,4
4,88,4
4,89,3
3,90,4
1,91,5
1,92,2
1,93,1
1,94,5
2,95,2
2,96,3
1,97,2
2,98,4
1,99,4
2,100,2
1,101,3
2,102,2
1,103,2
2,104,1
1,105,1
2,106,1
1,107,1
2,108,1
3,109,1
3,110,1
3,111,1
2,112,1
2,113,1
5,114,1
4,115,1
5,116,1
4,117,1
5,118,1
5,119,1
5,120,2
5,121,2
4,122,2
4,123,2
5,124,2
4,125,2
5,126,2
4,127,2
4,128,2
4,129,3
5,130,2
5,131,2
4,132,3
3,133,2
3,134,3
4,135,4
2,136,4
1,137,5
2,138,5
2,139,5
1,140,5
2,141,5
1,142,5
3,143,5
3,144,5
4,145,5
3,146,5
4,147,5
3,148,5
4,149,2
4,150,5
4,151,2
4,152,2
5,153,2
4,154,2
5,155,2
4,156,2
5,157,2
5,158,2
5,159,2
5,160,2
5,161,2
5,162,5
5,163,3
5,164,3
5,165,2
5,166,3
4,167,1
3,168,3
3,169,3
4,170,3
3,171,3
2,172,4
2,173,4
1,174,4
2,175,4
3,176,2
1,177,4
1,178,4
1,179,4
1,180,4
2,181,4
2,182,4
1,183,4
2,184,1
2,185,3
2,186,2
2,187,3
2,188,5
2,189,4
1,190,3
2,191,4
1,192,5
2,193,3
1,194,4
2,195,4
1,196,4
1,197,4
3,198,4
2,199,5
3,200,5
3,201,4
1,202,3
3,203,4
2,204,5
1,205,4
4,206,5
2,207,5
3,208,5
2,209,5
2,210,1
1,211,2
1,212,2
3,213,1
4,214,2
5,215,4
3,216,2
4,217,3
5,218,2
5,219,1
3,220,4
5,221,2
4,222,2
1,223,3
5,224,1
1,225,2
5,226,2
1,227,1
5,228,2
5,229,2
2,230,2
4,231,3
3,232,2
4,233,4
5,234,2
3,235,2
5,236,1
5,237,3
5,238,4
5,239,2
3,240,3
3,241,2
3,242,3
4,243,4
4,244,3
4,245,4
5,246,4
5,247,3
1,248,2
5,249,3
5,250,3
5,251,4
4,252,5
3,253,5
4,254,5
1,255,5
3,256,5
3,257,5
1,258,5
3,259,5
1,260,5
4,261,3
5,262,3
4,263,3
4,264,4
4,265,4
4,266,4
2,267,5
4,268,4
3,269,4
3,270,5
5,271,5
3,272,4
3,273,4
5,274,3
5,275,3
5,276,2
5,277,2
2,278,2
1,279,3
2,280,3
2,281,2
2,282,3
2,283,3
1,284,3
1,285,2
1,286,2
1,287,2
3,288,3
2,289,3
3,290,2
3,291,2
3,292,3
5,293,2
3,294,3
1,295,4
1,296,1
5,297,2
4,298,2
5,299,1
1,300,5
5,301,3
2,302,2
1,303,2
2,304,3
2,305,3
2,306,2
2,307,3
5,308,5
5,309,5
5,310,5
5,311,5
5,312,5
5,313,5
5,314,5
5,315,5
5,316,5
5,317,5
5,318,5
5,319,5
5,320,5
5,321,2
5,322,3
5,323,2
5,324,3
5,325,2
5,326,3
5,327,2
5,328,3
5,329,3
5,330,3
5,331,3
5,332,3
3,333,4
4,334,3
5,335,4
4,336,4
4,337,4
3,338,4
4,339,3
5,340,1
2,341,1
1,342,1
5,343,1
2,344,2
3,345,2
2,346,1
4,347,2
4,348,1
2,349,2
3,350,1
2,351,2
2,352,1
1,353,2
1,354,1
1,355,2
1,356,1
1,357,2
1,358,3
1,359,3
1,360,3
1,361,2
1,362,2
1,363,5
1,364,4
1,365,5
1,366,4
1,367,5
1,368,5
2,369,5
2,370,5
2,371,4
2,372,4
2,373,5
2,374,4
2,375,5
2,376,4
2,377,4
3,378,4
2,379,5
2,380,5
3,381,4
2,382,3
3,383,3
4,384,4
4,385,2
5,386,1
5,387,2
5,388,2
5,389,1
5,390,2
5,391,1
5,392,3
5,393,3
5,394,4
5,395,3
5,396,4
5,397,3
2,398,4
5,399,4
2,400,4
2,401,4
2,402,5
2,403,4
2,404,5
2,405,4
2,406,5
2,407,5
2,408,5
2,409,5
2,410,5
5,411,5
3,412,5
3,413,5
2,414,5
3,415,5
1,416,4
3,417,3
3,418,3
3,419,4
3,420,3
4,421,2
4,422,2
4,423,1
4,424,2
2,425,3
4,426,1
4,427,1
4,428,1
4,429,1
4,430,2
4,431,2
4,432,1
1,433,2
3,434,2
2,435,2
3,436,2
5,437,2
4,438,2
3,439,1
4,440,2
5,441,1
3,442,2
4,443,1
4,444,2
4,445,1
4,446,1
4,447,3
5,448,2
5,449,3
4,450,3
3,451,1
4,452,3
5,453,2
4,454,1
5,455,4
5,456,2
5,457,3
5,458,2
1,459,2
2,460,1
2,461,1
1,462,3
2,463,4
4,464,5
2,465,3
3,466,4
2,467,5
1,468,5
4,469,3
2,470,5
2,471,4
3,472,1
1,473,5
2,474,1
2,475,5
1,476,1
2,477,5
2,478,5
2,479,2
3,480,4
2,481,3
4,482,4
2,483,5
2,484,3
1,485,5
3,486,5
4,487,5
2,488,5
3,489,3
2,490,3
3,491,3
4,492,4
3,493,4
4,494,4
4,495,5
3,496,5
2,497,1
3,498,5
5,499,5
2,500,5
1,501,1
2,502,3
4,503,2
3,504,4
5,505,1
4,506,3
2,507,5
1,508,4
2,509,3
3,510,2
4,511,2
5,512,2
1,513,3
2,514,4
4,515,2
2,516,5
3,517,2
4,518,2
1,519,1
2,520,4
3,521,3
4,522,2
2,523,2
3,524,1
4,525,2
2,526,1
3,527,4
1,528,2
4,529,5
5,530,3
3,531,4
4,532,2
4,533,5
4,534,3
3,535,2
1,536,4
2,537,2
3,538,2
4,539,2
2,540,2
3,541,2
4,542,3
5,543,4
4,544,5
2,545,1
1,546,2
2,547,3
3,548,4
4,549,1
5,550,2
5,551,3
5,552,4
5,553,2
5,554,3
5,555,2
5,556,1
5,557,2
5,558,1
3,559,3
3,560,1
3,561,4
4,562,1
4,563,2
4,564,3
5,565,2
4,566,4
4,567,2
5,568,5
5,569,3
4,570,4
4,571,3
3,572,5
3,573,3
2,574,4
2,575,2
2,576,3
3,577,2
3,578,1
2,579,2
3,580,2
3,581,2
3,582,4
2,583,2
2,584,2
2,585,2
3,586,2
3,587,2
2,588,3
2,589,4
3,590,5
2,591,1
3,592,2
4,593,3
1,594,4
2,595,1
2,596,2
1,597,3
5,598,4
3,599,2
2,600,3
2,601,2
3,602,1
3,603,2
2,604,1
3,605,3
5,606,1
5,607,4
5,608,1
5,609,2
5,610,3
5,611,2
5,612,4
5,613,2
5,614,5
5,615,3
5,616,4
5,617,3
5,618,5
2,619,3
3,620,4
2,621,2
3,622,3
2,623,2
3,624,1
2,625,2
3,626,2
3,627,1
3,628,1
3,629,3
3,630,23
4,631,4
3,632,3
4,633,3
4,634,3
4,635,2
4,636,1
3,637,1
1,638,1
1,639,2
1,640,3
1,641,5
2,642,5
2,643,5
1,644,5
2,645,5
1,646,5
2,647,4
1,648,3
2,649,3
1,650,2
2,651,3
1,652,2
2,653,3
1,654,1
2,655,4
3,656,1
3,657,2
3,658,4
2,659,3
2,660,5
5,661,3
4,662,4
5,663,5
4,664,5
5,665,4
5,666,4
5,667,3
5,668,4
4,669,1
4,670,3
5,671,3
4,672,1
5,673,3
4,674,1
4,675,4
4,676,5
5,677,4
5,678,4
4,679,4
3,680,4
3,681,2
4,682,4
2,683,3
1,684,3
2,685,5
2,686,3
1,687,3
2,688,5
1,689,5
3,690,5
3,691,5
4,692,2
3,693,1
4,694,2
3,695,2
4,696,2
4,697,2
4,698,1
4,699,1
5,700,1
4,701,1
5,702,3
4,703,2
5,704,3
5,705,3
5,706,3
5,707,5
5,708,3
5,709,1
5,710,1
5,711,5
5,712,4
5,713,5
4,714,1
3,715,5
3,716,2
4,717,1
3,718,2
2,719,2
2,720,2
1,721,2
2,722,5
3,723,5
1,724,5
1,725,5
1,726,5
1,727,5
2,728,5
2,729,5
1,730,5
2,731,5
2,732,5
2,733,5
2,734,5
2,735,5
2,736,5
1,737,5
2,738,5
1,739,5
2,740,5
1,741,5
2,742,5
1,743,5
1,744,5
3,745,5
2,746,5
3,747,3
3,748,4
1,749,5
3,750,4
2,751,4
1,752,3
4,753,4
2,754,5
3,755,2
2,756,1
2,757,5
1,758,2
1,759,3
3,760,2
4,761,4
5,762,4
3,763,2
4,764,3
5,765,2
5,766,2
3,767,1
5,768,1
4,769,1
1,770,1
5,771,1
1,772,1
5,773,1
1,774,1
5,775,1
5,776,1
2,777,1
4,778,1
3,779,1
4,780,1
5,781,1
3,782,1
5,783,2
5,784,2
5,785,2
5,786,2
3,787,2
3,788,2
3,789,2
4,790,2
4,791,2
4,792,3
5,793,2
5,794,2
1,795,3
5,796,2
5,797,3
5,798,4
4,799,4
3,800,5
4,801,5
1,802,5
3,803,5
3,804,5
1,805,5
3,806,5
1,807,5
4,808,5
5,809,5
4,810,5
4,811,5
4,812,2
4,813,5
2,814,2
4,815,2
3,816,2
3,817,2
5,818,2
3,819,2
3,820,2
5,821,2
5,822,2
5,823,2
5,824,2
2,825,5
1,826,3
2,827,3
2,828,2
2,829,3
2,830,1
1,831,3
1,832,3
1,833,3
1,834,3
3,835,4
2,836,4
3,837,4
3,838,4
3,839,2
5,840,4
3,841,4
1,842,4
1,843,4
5,844,4
4,845,4
5,846,4
1,847,1
5,848,3
2,849,2
1,850,3
2,851,5
2,852,4
2,853,3
2,854,4
5,855,5
5,856,3
5,857,4
5,858,4
5,859,4
5,860,4
5,861,4
5,862,5
5,863,5
5,864,4
5,865,3
5,866,4
5,867,5
5,868,4
5,869,5
5,870,5
5,871,5
5,872,5
5,873,1
5,874,2
5,875,2
5,876,1
5,877,2
5,878,4
5,879,2
3,880,3
4,881,2
5,882,1
4,883,4
4,884,2
3,885,2
4,886,3
5,887,1
2,888,2
1,889,2
5,890,1
2,891,2
3,892,2
2,893,2
4,894,3
4,895,2
2,896,4
3,897,2
2,898,2
2,899,1
1,900,3
1,901,4
1,902,2
1,903,3
1,904,2
1,905,3
1,906,4
1,907,3
1,908,4
1,909,4
1,910,3
1,911,2
1,912,3
1,913,3
1,914,4
1,915,5
2,916,5
2,917,5
2,918,5
2,919,5
2,920,5
2,921,5
2,922,5
2,923,5
2,924,3
3,925,3
2,926,3
2,927,4
3,928,4
2,929,4
3,930,5
4,931,4
4,932,4
5,933,5
5,934,5
5,935,4
5,936,4
5,937,3
5,938,3
5,939,2
5,940,2
5,941,2
5,942,3
5,943,3
5,944,2
2,945,3
5,946,3
2,947,3
2,948,2
2,949,2
2,950,2
2,951,3
2,952,3
2,953,2
2,954,2
2,955,3
2,956,2
2,957,3
5,958,4
3,959,1
3,960,2
2,961,2
3,962,1
1,963,5
3,964,3
3,965,2
3,966,2
3,967,3
4,968,3
4,969,2
4,970,3
4,971,5
2,972,5
4,973,5
4,974,5
4,975,5
4,976,5
4,977,5
4,978,5
4,979,5
1,980,5
3,981,5
2,982,5
3,983,5
5,984,2
4,985,3
3,986,2
4,987,3
5,988,2
3,989,3
4,990,2
4,991,3
4,992,3
4,993,3
4,994,3
5,995,3
5,996,4
4,997,3
3,998,4
4,999,4
5,1000,4
4,1001,4
5,1002,3
5,1003,1
5,1004,1
5,1005,1
1,1006,1
2,1007,2
2,1008,2
1,1009,1
2,1010,2
4,1011,1
2,1012,2
3,1013,1
2,1014,2
1,1015,1
4,1016,2
2,1017,1
2,1018,2
3,1019,1
1,1020,2
2,1021,3
2,1022,3
1,1023,3
2,1024,2
2,1025,2
2,1026,5
3,1027,4
2,1028,5
4,1029,4
2,1030,5
2,1031,5
1,1032,5
3,1033,5
4,1034,4
2,1035,4
3,1036,5
2,1037,4
3,1038,5
4,1039,4
3,1040,4
4,1041,4
4,1042,5
3,1043,5
2,1044,4
3,1045,3
5,1046,3
2,1047,4
1,1048,2
2,1049,1
4,1050,2
3,1051,2
5,1052,1
4,1053,2
2,1054,1
1,1055,3
2,1056,3
3,1057,4
4,1058,3
5,1059,4
1,1060,3
2,1061,4
4,1062,4
2,1063,4
3,1064,4
4,1065,5
1,1066,4
2,1067,5
3,1068,4
4,1069,5
2,1070,5
3,1071,5
4,1072,5
2,1073,5
3,1074,5
1,1075,5
4,1076,5
5,1077,5
3,1078,5
4,1079,4
4,1080,3
4,1081,3
3,1082,4
1,1083,3
2,1084,2
3,1085,2
4,1086,1
2,1087,2
3,1088,3
4,1089,1
5,1090,1
4,1091,1
2,1092,1
1,1093,2
2,1094,2
3,1095,1
4,1096,2
5,1097,2
5,1098,2
5,1099,2
5,1100,2
5,1101,2
5,1102,1
5,1103,2
5,1104,1
5,1105,2
3,1106,1
3,1107,2
3,1108,1
4,1109,1
4,1110,3
4,1111,2
5,1112,3
4,1113,3
4,1114,1
5,1115,3
5,1116,2
4,1117,1
4,1118,4
3,1119,2
3,1120,3
2,1121,2
2,1122,2
2,1123,1
3,1124,1
3,1125,3
2,1126,4
3,1127,5
3,1128,3
3,1129,4
2,1130,5
2,1131,5
2,1132,3
3,1133,5
3,1134,4
2,1135,1
2,1136,5
3,1137,1
2,1138,5
3,1139,1
4,1140,5
1,1141,5
2,1142,2
2,1143,4
1,1144,3
5,1145,4
3,1146,5
2,1147,3
2,1148,5
3,1149,5
3,1150,5
2,1151,5
3,1152,3
5,1153,3
5,1154,3
5,1155,4
5,1156,4
5,1157,4
5,1158,5
5,1159,5
5,1160,1
5,1161,5
5,1162,5
5,1163,5
5,1164,1
5,1165,3
2,1166,2
3,1167,4
2,1168,1
3,1169,3
2,1170,5
3,1171,4
2,1172,3
3,1173,2
3,1174,2
3,1175,2
3,1176,3
3,1177,4
4,1178,2
3,1179,5
4,1180,2
4,1181,2
4,1182,1
4,1183,4
3,1184,3
1,1185,2
1,1186,2
1,1187,1
1,1188,2
2,1189,1
2,1190,4
1,1191,2
2,1192,5
1,1193,3
2,1194,4
1,1195,2
2,1196,5
1,1197,3
2,1198,2
1,1199,4
2,1200,2
1,1201,2
2,1202,2
3,1203,2
3,1204,2
3,1205,3
2,1206,4
2,1207,5
5,1208,1
4,1209,2
5,1210,3
4,1211,4
5,1212,1
5,1213,2
5,1214,3
5,1215,4
4,1216,2
4,1217,3
5,1218,2
4,1219,1
5,1220,2
4,1221,1
4,1222,3
4,1223,1
5,1224,4
5,1225,1
4,1226,2
3,1227,3
3,1228,2
4,1229,4
2,1230,2
1,1231,5
2,1232,3
2,1233,4
1,1234,3
2,1235,5
1,1236,3
3,1237,4
3,1238,2
4,1239,3
3,1240,2
4,1241,1
3,1242,2
4,1243,2
4,1244,2
4,1245,4
4,1246,2
5,1247,2
4,1248,2
5,1249,2
4,1250,2
5,1251,3
5,1252,4
5,1253,5
5,1254,1
5,1255,2
5,1256,3
5,1257,4
5,1258,1
5,1259,2
5,1260,3
4,1261,4
3,1262,2
3,1263,3
4,1264,2
3,1265,1
2,1266,2
2,1267,1
1,1268,3
2,1269,1
3,1270,4
1,1271,1
1,1272,2
1,1273,3
1,1274,2
2,1275,4
2,1276,2
1,1277,5
2,1278,3
2,1279,4
2,1280,3
2,1281,5
2,1282,3
2,1283,4
1,1284,2
2,1285,3
1,1286,2
2,1287,1
1,1288,2
2,1289,2
1,1290,1
1,1291,1
3,1292,3
2,1293,23
3,1294,4
3,1295,3
1,1296,3
3,1297,3
2,1298,2
1,1299,1
4,1300,1
2,1301,1
3,1302,2
2,1303,3
2,1304,5
1,1305,5
1,1306,5
3,1307,5
4,1308,5
5,1309,5
3,1310,4
4,1311,3
5,1312,3
5,1313,2
3,1314,3
5,1315,2
4,1316,3
1,1317,1
5,1318,4
1,1319,1
5,1320,2
1,1321,4
5,1322,3
5,1323,5
2,1324,3
4,1325,4
3,1326,5
4,1327,5
5,1328,4
3,1329,4
5,1330,3
5,1331,4
5,1332,1
5,1333,3
3,1334,3
3,1335,1
3,1336,3
4,1337,1
4,1338,4
4,1339,5
5,1340,4
5,1341,4
1,1342,4
5,1343,4
5,1344,2
5,1345,4
4,1346,3
3,1347,3
4,1348,5
1,1349,3
3,1350,3
3,1351,5
1,1352,5
3,1353,5
1,1354,5
4,1355,2
5,1356,1
4,1357,2
4,1358,2
4,1359,2
4,1360,2
2,1361,1
4,1362,1
3,1363,1
3,1364,1
5,1365,3
3,1366,2
3,1367,3
5,1368,3
5,1369,3
5,1370,5
5,1371,3
2,1372,1
1,1373,1
2,1374,5
2,1375,4
2,1376,5
2,1377,1
1,1378,5
1,1379,2
1,1380,1
1,1381,2
3,1382,2
2,1383,2
3,1384,2
3,1385,5
3,1386,5
5,1387,5
3,1388,5
1,1389,5
1,1390,5
5,1391,5
4,1392,5
5,1393,5
1,1394,5
5,1395,5
2,1396,5
1,1397,5
2,1398,5
2,1399,5
2,1400,5
2,1401,5
5,1402,5
5,1403,5
5,1404,5
5,1405,5
5,1406,5
5,1407,5
5,1408,5
5,1409,5
5,1410,3
5,1411,4
5,1412,5
5,1413,4
5,1414,4
5,1415,3
5,1416,4
5,1417,5
5,1418,2
5,1419,1
5,1420,5
5,1421,2
5,1422,3
5,1423,2
5,1424,4
5,1425,4
5,1426,2
3,1427,3
4,1428,2
5,1429,2
4,1430,1
4,1431,1
3,1432,1
4,1433,1
5,1434,1
2,1435,1
1,1436,1
5,1437,1
2,1438,1
3,1439,1
2,1440,1
4,1441,1
4,1442,1
2,1443,1
3,1444,1
2,1445,1
2,1446,2
1,1447,2
1,1448,2
1,1449,2
1,1450,2
1,1451,2
1,1452,2
1,1453,2
1,1454,2
1,1455,3
1,1456,2
1,1457,2
1,1458,3
1,1459,2
1,1460,3
1,1461,4
1,1462,4
2,1463,5
2,1464,5
2,1465,5
2,1466,5
2,1467,5
2,1468,5
2,1469,5
2,1470,5
2,1471,5
3,1472,5
2,1473,5
2,1474,5
3,1475,2
2,1476,5
3,1477,2
4,1478,2
4,1479,2
5,1480,2
5,1481,2
5,1482,2
5,1483,2
5,1484,2
5,1485,2
5,1486,2
5,1487,2
5,1488,5
5,1489,3
5,1490,3
5,1491,2
2,1492,3
5,1493,1
2,1494,3
2,1495,3
2,1496,3
2,1497,3
2,1498,4
2,1499,4
2,1500,4
2,1501,4
2,1502,2
2,1503,4
2,1504,4
5,1505,4
3,1506,4
3,1507,4
2,1508,4
3,1509,4
1,1510,1
3,1511,3
3,1512,2
3,1513,3
3,1514,5
4,1515,4
4,1516,3
4,1517,4
4,1518,5
2,1519,3
4,1520,4
4,1521,4
4,1522,4
4,1523,4
4,1524,4
4,1525,5
4,1526,5
1,1527,4
3,1528,3
2,1529,4
3,1530,5
5,1531,4
4,1532,5
3,1533,5
4,1534,5
5,1535,5
3,1536,1
4,1537,2
4,1538,2
4,1539,1
4,1540,2
4,1541,4
5,1542,2
5,1543,3
4,1544,2
3,1545,1
4,1546,4
5,1547,2
4,1548,2
5,1549,3
5,1550,1
5,1551,2
5,1552,2
1,1553,1
2,1554,2
2,1555,2
1,1556,2
2,1557,3
4,1558,2
2,1559,4
3,1560,2
2,1561,2
1,1562,1
4,1563,3
2,1564,4
2,1565,2
3,1566,3
1,1567,2
2,1568,3
2,1569,4
1,1570,3
2,1571,4
2,1572,4
2,1573,3
3,1574,2
2,1575,3
4,1576,3
2,1577,4
2,1578,5
1,1579,5
3,1580,5
4,1581,5
2,1582,5
3,1583,5
2,1584,5
3,1585,5
4,1586,5
3,1587,3
4,1588,3
4,1589,3
3,1590,4
2,1591,4
3,1592,4
5,1593,5
2,1594,4
1,1595,4
2,1596,5
4,1597,5
3,1598,4
5,1599,4
4,1600,3
2,1601,3
1,1602,2
2,1603,2
3,1604,2
4,1605,3
5,1606,3
1,1607,2
2,1608,3
4,1609,3
2,1610,3
3,1611,2
4,1612,2
1,1613,2
2,1614,3
3,1615,3
4,1616,2
2,1617,2
3,1618,3
4,1619,2
2,1620,3
3,1621,4
1,1622,1
4,1623,2
5,1624,2
3,1625,1
4,1626,5
4,1627,3
4,1628,2
3,1629,2
1,1630,3
2,1631,3
3,1632,2
4,1633,3
2,1634,5
3,1635,5
4,1636,5
5,1637,5
4,1638,5
2,1639,5
1,1640,5
2,1641,5
3,1642,5
4,1643,5
5,1644,5
5,1645,5
5,1646,5
5,1647,2
5,1648,3
5,1649,2
5,1650,3
5,1651,2
5,1652,3
3,1653,2
3,1654,3
3,1655,3
4,1656,3
4,1657,3
4,1658,3
5,1659,4
4,1660,3
4,1661,4
5,1662,4
5,1663,4
4,1664,4
4,1665,3
3,1666,1
3,1667,1
2,1668,1
2,1669,1
2,1670,2
3,1671,2
3,1672,1
2,1673,2
3,1674,1
3,1675,2
3,1676,1
2,1677,2
2,1678,1
2,1679,2
3,1680,1
3,1681,2
2,1682,1
2,1683,2
3,1684,3
2,1685,3
3,1686,3
4,1687,2
1,1688,2
2,1689,5
2,1690,4
1,1691,5
5,1692,4
3,1693,5
2,1694,5
2,1695,5
3,1696,5
3,1697,4
2,1698,4
3,1699,5
5,1700,4
5,1701,5
5,1702,4
5,1703,4
5,1704,4
5,1705,5
5,1706,5
5,1707,4
5,1708,3
5,1709,3
5,1710,4
5,1711,2
5,1712,1
2,1713,2
3,1714,2
2,1715,1
3,1716,2
2,1717,1
3,1718,3
2,1719,3
3,1720,4
3,1721,3
3,1722,4
3,1723,3
3,1724,4
4,1725,4
3,1726,4
4,1727,4
4,1728,5
4,1729,4
4,1730,5
3,1731,4
1,1732,5
1,1733,5
1,1734,5
1,1735,5
2,1736,5
2,1737,5
1,1738,5
2,1739,5
1,1740,5
2,1741,5
1,1742,4
2,1743,3
1,1744,3
2,1745,4
1,1746,3
2,1747,2
1,1748,2
2,1749,1
3,1750,2
3,1751,3
3,1752,1
2,1753,1
2,1754,1
5,1755,1
4,1756,2
5,1757,2
4,1758,1
5,1759,2
5,1760,2
5,1761,2
5,1762,2
4,1763,2
4,1764,2
5,1765,1
4,1766,2
5,1767,1
4,1768,2
4,1769,1
4,1770,2
5,1771,1
5,1772,1
4,1773,3
3,1774,2
3,1775,3
4,1776,3
2,1777,1
1,1778,3
2,1779,2
2,1780,1
1,1781,4
2,1782,2
1,1783,3
3,1784,2
3,1785,2
4,1786,1
3,1787,1
4,1788,3
3,1789,4
4,1790,5
4,1791,3
4,1792,4
4,1793,5
5,1794,5
4,1795,3
5,1796,5
4,1797,4
5,1798,1
5,1799,5
5,1800,1
5,1801,5
5,1802,1
5,1803,5
5,1804,5
5,1805,2
5,1806,4
5,1807,3
4,1808,4
3,1809,5
3,1810,3
4,1811,5
3,1812,5
2,1813,5
2,1814,5
1,1815,3
2,1816,3
3,1817,3
1,1818,4
1,1819,4
1,1820,4
1,1821,5
2,1822,5
2,1823,1
1,1824,5
2,1825,5
2,1826,5
2,1827,1
2,1828,3
2,1829,2
2,1830,4
1,1831,1
2,1832,3
1,1833,5
2,1834,4
1,1835,3
2,1836,2
1,1837,2
1,1838,2
3,1839,3
2,1840,4
3,1841,2
3,1842,5
1,1843,2
3,1844,2
2,1845,1
1,1846,4
4,1847,3
2,1848,2
3,1849,2
2,1850,1
2,1851,2
1,1852,1
1,1853,4
3,1854,2
4,1855,5
5,1856,3
3,1857,4
4,1858,2
5,1859,5
5,1860,3
3,1861,2
5,1862,4
4,1863,2
1,1864,2
5,1865,2
1,1866,2
5,1867,2
1,1868,3
5,1869,4
5,1870,5
2,1871,1
4,1872,2
3,1873,3
4,1874,4
5,1875,1
3,1876,2
5,1877,3
5,1878,4
5,1879,2
5,1880,3
3,1881,2
3,1882,1
3,1883,2
4,1884,1
4,1885,3
4,1886,1
5,1887,4
5,1888,1
1,1889,2
5,1890,3
5,1891,2
5,1892,4
4,1893,2
3,1894,5
4,1895,3
1,1896,4
3,1897,3
3,1898,5
1,1899,3
3,1900,4
1,1901,2
4,1902,3
5,1903,2
4,1904,1
4,1905,2
4,1906,2
4,1907,2
2,1908,4
4,1909,2
3,1910,2
3,1911,2
5,1912,2
3,1913,2
3,1914,3
5,1915,4
5,1916,5
5,1917,1
5,1918,2
2,1919,3
1,1920,4
2,1921,1
2,1922,2
2,1923,3
2,1924,4
1,1925,2
1,1926,3
1,1927,2
1,1928,1
3,1929,2
2,1930,1
3,1931,3
3,1932,1
3,1933,4
5,1934,1
3,1935,2
1,1936,3
1,1937,2
5,1938,4
4,1939,2
5,1940,5
1,1941,3
5,1942,4
2,1943,3
1,1944,5
2,1945,3
2,1946,4
2,1947,2
2,1948,3
5,1949,2
5,1950,1
5,1951,2
5,1952,2
5,1953,1
5,1954,1
5,1955,3
5,1956,23
5,1957,4
5,1958,3
5,1959,3
5,1960,3
5,1961,2
5,1962,1
5,1963,1
5,1964,1
5,1965,2
5,1966,3
5,1967,5
5,1968,5
5,1969,5
5,1970,5
5,1971,5
5,1972,5
5,1973,4
3,1974,3
4,1975,3
5,1976,2
4,1977,3
4,1978,2
3,1979,3
4,1980,1
5,1981,4
2,1982,1
1,1983,2
5,1984,4
2,1985,3
3,1986,5
2,1987,3
4,1988,4
4,1989,5
2,1990,2
3,1991,3
2,1992,2
2,1993,2
1,1994,1
1,1995,1
1,1996,1
1,1997,1
1,1998,1
1,1999,1
1,2000,1
1,2001,1
1,2002,1
1,2003,1
1,2004,1
1,2005,1
1,2006,1
1,2007,1
1,2008,1
1,2009,1
2,2010,2
2,2011,2
2,2012,2
2,2013,2
2,2014,2
2,2015,2
2,2016,2
2,2017,2
2,2018,2
3,2019,3
2,2020,2
2,2021,2
3,2022,3
2,2023,2
3,2024,3
4,2025,4
4,2026,4
5,2027,2
5,2028,3
5,2029,2
5,2030,2
5,2031,1
5,2032,1
5,2033,1
5,2034,1
5,2035,1
5,2036,1
5,2037,1
5,2038,1
2,2039,1
5,2040,1
2,2041,1
2,2042,1
2,2043,1
2,2044,1
2,2045,1
2,2046,1
2,2047,2
2,2048,2
2,2049,2
2,2050,2
2,2051,2
5,2052,2
3,2053,2
3,2054,2
2,2055,2
3,2056,3
1,2057,2
3,2058,2
3,2059,3
3,2060,2
3,2061,3
4,2062,4
4,2063,4
4,2064,5
4,2065,5
2,2066,5
4,2067,5
4,2068,5
4,2069,2
4,2070,5
4,2071,2
4,2072,2
4,2073,2
1,2074,2
3,2075,2
2,2076,2
3,2077,2
5,2078,2
4,2079,2
3,2080,2
4,2081,2
5,2082,5
3,2083,3
4,2084,3
4,2085,2
4,2086,3
4,2087,1
4,2088,3
5,2089,3
5,2090,1
4,2091,1
3,2092,1
4,2093,2
5,2094,2
4,2095,2
5,2096,2
5,2097,2
5,2098,2
5,2099,2
1,2100,2
2,2101,2
2,2102,3
1,2103,2
2,2104,2
4,2105,3
2,2106,2
3,2107,3
2,2108,4
1,2109,4
4,2110,5
2,2111,5
2,2112,5
3,2113,5
1,2114,5
2,2115,1
2,2116,1
1,2117,1
2,2118,2
2,2119,2
2,2120,2
3,2121,2
2,2122,2
4,2123,2
2,2124,2
2,2125,2
1,2126,2
3,2127,3
4,2128,2
2,2129,2
3,2130,3
2,2131,2
3,2132,3
4,2133,4
3,2134,4
4,2135,5
4,2136,5
3,2137,5
2,2138,5
3,2139,5
5,2140,1
2,2141,1
1,2142,1
2,2143,2
4,2144,2
3,2145,2
5,2146,2
4,2147,2
2,2148,2
1,2149,2
2,2150,2
3,2151,2
4,2152,3
5,2153,2
1,2154,2
2,2155,3
4,2156,2
2,2157,3
3,2158,4
4,2159,4
1,2160,5
2,2161,5
3,2162,5
4,2163,5
2,2164,5
3,2165,1
4,2166,1
2,2167,1
3,2168,2
1,2169,2
4,2170,2
5,2171,2
3,2172,2
4,2173,2
4,2174,2
4,2175,2
3,2176,2
1,2177,3
2,2178,2
3,2179,2
4,2180,3
2,2181,2
3,2182,3
4,2183,4
5,2184,4
4,2185,5
2,2186,5
1,2187,5
2,2188,5
3,2189,5
4,2190,4
5,2191,4
5,2192,4
5,2193,2
5,2194,4
5,2195,4
5,2196,4
5,2197,4
5,2198,4
5,2199,4
3,2200,4
3,2201,1
3,2202,3
4,2203,2
4,2204,3
4,2205,5
5,2206,4
4,2207,3
4,2208,4
5,2209,5
5,2210,3
4,2211,4
4,2212,4
3,2213,4
3,2214,4
2,2215,4
2,2216,5
2,2217,5
3,2218,4
3,2219,3
2,2220,4
3,2221,5
3,2222,4
3,2223,5
2,2224,5
2,2225,5
2,2226,5
3,2227,1
3,2228,2
2,2229,2
2,2230,1
3,2231,2
2,2232,4
3,2233,2
4,2234,3
1,2235,2
2,2236,1
2,2237,4
1,2238,2
5,2239,2
3,2240,3
2,2241,1
2,2242,2
3,2243,2
3,2244,1
2,2245,2
3,2246,2
5,2247,2
5,2248,3
5,2249,2
5,2250,4
5,2251,2
5,2252,2
5,2253,1
5,2254,3
5,2255,4
5,2256,2
5,2257,3
5,2258,2
5,2259,3
2,2260,4
3,2261,3
2,2262,4
3,2263,4
2,2264,3
3,2265,2
2,2266,3
3,2267,5
3,2268,2
3,2269,1
3,2270,2
3,2271,4
4,2272,3
3,2273,5
4,2274,4
4,2275,2
4,2276,1
4,2277,2
3,2278,3
1,2279,4
1,2280,5
1,2281,1
1,2282,2
2,2283,4
2,2284,2
1,2285,3
2,2286,4
1,2287,1
2,2288,2
1,2289,3
2,2290,4
1,2291,2
2,2292,3
1,2293,4
2,2294,2
1,2295,3
2,2296,1
3,2297,4
3,2298,5
3,2299,3
2,2300,4
2,2301,4
5,2302,4
4,2303,3
5,2304,1
4,2305,2
5,2306,3
5,2307,4
5,2308,2
5,2309,3
4,2310,4
4,2311,5
5,2312,4
4,2313,2
5,2314,1
4,2315,2
4,2316,3
4,2317,4
5,2318,5
5,2319,5
4,2320,5
3,2321,5
3,2322,5
4,2323,5
2,2324,5
1,2325,5
2,2326,5
2,2327,3
1,2328,3
2,2329,3
1,2330,4
3,2331,4
3,2332,4
4,2333,5
3,2334,4
4,2335,4
3,2336,5
4,2337,5
4,2338,4
4,2339,4
4,2340,3
5,2341,3
4,2342,2
5,2343,2
4,2344,2
5,2345,3
5,2346,3
5,2347,2
5,2348,3
5,2349,3
5,2350,3
5,2351,2
5,2352,2
5,2353,2
5,2354,3
4,2355,3
3,2356,2
3,2357,2
4,2358,3
3,2359,2
2,2360,3
2,2361,4
1,2362,1
2,2363,2
3,2364,2
1,2365,1
1,2366,5
1,2367,3
1,2368,2
2,2369,2
2,2370,3
1,2371,3
2,2372,2
2,2373,3
2,2374,5
2,2375,5
2,2376,5
2,2377,5
1,2378,5
2,2379,5
1,2380,4
2,2381,4
1,2382,4
2,2383,2
1,2384,4
1,2385,4
3,2386,4
2,2387,4
3,2388,4
3,2389,4
1,2390,4
3,2391,1
2,2392,3
1,2393,2
4,2394,3
2,2395,5
3,2396,4
2,2397,3
2,2398,4
1,2399,5
1,2400,3
3,2401,4
4,2402,4
5,2403,4
3,2404,4
4,2405,4
5,2406,5
5,2407,5
3,2408,4
5,2409,3
4,2410,4
1,2411,5
5,2412,4
1,2413,5
5,2414,5
1,2415,5
5,2416,5
5,2417,1
2,2418,2
4,2419,2
3,2420,1
4,2421,2
5,2422,4
3,2423,2
5,2424,3
5,2425,2
5,2426,1
5,2427,4
3,2428,2
3,2429,2
3,2430,3
4,2431,1
4,2432,2
4,2433,2
5,2434,1
5,2435,2
1,2436,2
5,2437,2
5,2438,3
5,2439,2
4,2440,4
3,2441,2
4,2442,2
1,2443,1
3,2444,3
3,2445,4
1,2446,2
3,2447,3
1,2448,2
4,2449,3
5,2450,4
4,2451,3
4,2452,4
4,2453,4
4,2454,3
2,2455,2
4,2456,3
3,2457,5
3,2458,2
5,2459,1
3,2460,2
3,2461,4
5,2462,3
5,2463,5
5,2464,4
5,2465,2
2,2466,1
1,2467,2
2,2468,3
2,2469,4
2,2470,5
2,2471,1
1,2472,2
1,2473,4
1,2474,2
1,2475,3
3,2476,4
2,2477,1
3,2478,2
3,2479,3
3,2480,4
5,2481,2
3,2482,3
1,2483,4
1,2484,2
5,2485,3
4,2486,1
5,2487,4
1,2488,5
5,2489,3
2,2490,4
1,2491,4
2,2492,4
2,2493,3
2,2494,1
2,2495,2
5,2496,3
5,2497,4
5,2498,2
5,2499,3
5,2500,4
5,2501,5
5,2502,4
5,2503,2
5,2504,1
5,2505,2
5,2506,3
5,2507,4
5,2508,5
5,2509,5
5,2510,5
5,2511,5
5,2512,5
5,2513,5
5,2514,5
5,2515,5
5,2516,5
5,2517,3
5,2518,3
5,2519,3
5,2520,4
3,2521,4
4,2522,4
5,2523,5
4,2524,4
4,2525,4
3,2526,5
4,2527,5
5,2528,4
2,2529,4
1,2530,3
5,2531,3
2,2532,2
3,2533,2
2,2534,2
4,2535,3
4,2536,3
2,2537,2
3,2538,3
2,2539,3
2,2540,3
1,2541,2
1,2542,2
1,2543,2
1,2544,3
1,2545,3
1,2546,2
1,2547,2
1,2548,3
1,2549,2
1,2550,3
1,2551,4
1,2552,1
1,2553,2
1,2554,2
1,2555,1
1,2556,5
2,2557,3
2,2558,2
2,2559,2
2,2560,3
2,2561,3
2,2562,2
2,2563,3
2,2564,5
2,2565,5
3,2566,5
2,2567,5
2,2568,5
3,2569,5
2,2570,4
3,2571,2
4,2572,3
4,2573,4
5,2574,5
5,2575,4
5,2576,2
5,2577,1
5,2578,2
5,2579,3
5,2580,4
5,2581,5
5,2582,5
5,2583,5
5,2584,5
5,2585,5
2,2586,5
5,2587,5
2,2588,5
2,2589,5
2,2590,3
2,2591,3
2,2592,3
2,2593,4
2,2594,4
2,2595,4
2,2596,5
2,2597,4
2,2598,4
5,2599,5
3,2600,5
3,2601,4
2,2602,4
3,2603,3
1,2604,3
3,2605,2
3,2606,2
3,2607,2
3,2608,3
4,2609,3
4,2610,2
4,2611,3
4,2612,3
2,2613,3
4,2614,2
4,2615,2
4,2616,2
4,2617,3
4,2618,3
4,2619,2
4,2620,2
1,2621,3
3,2622,2
2,2623,3
3,2624,4
5,2625,1
4,2626,2
3,2627,2
4,2628,1
5,2629,5
3,2630,3
4,2631,2
4,2632,2
4,2633,3
4,2634,3
4,2635,2
5,2636,3
5,2637,5
4,2638,5
3,2639,5
4,2640,5
5,2641,5
4,2642,5
5,2643,4
5,2644,2
5,2645,3
5,2646,4
1,2647,5
2,2648,4
2,2649,2
1,2650,1
2,2651,2
4,2652,3
2,2653,4
3,2654,5
2,2655,5
1,2656,5
4,2657,5
2,2658,5
2,2659,5
3,2660,5
1,2661,5
2,2662,5
2,2663,3
1,2664,3
2,2665,3
2,2666,4
2,2667,4
3,2668,4
2,2669,5
4,2670,4
2,2671,4
2,2672,5
1,2673,5
3,2674,4
4,2675,4
2,2676,3
3,2677,3
2,2678,2
3,2679,2
4,2680,2
3,2681,3
4,2682,3
4,2683,2
3,2684,3
2,2685,3
3,2686,3
5,2687,2
2,2688,2
1,2689,2
2,2690,3
4,2691,3
3,2692,2
5,2693,2
4,2694,3
2,2695,2
1,2696,3
2,2697,4
3,2698,1
4,2699,2
5,2700,2
1,2701,1
2,2702,5
4,2703,3
2,2704,2
3,2705,2
4,2706,3
1,2707,3
2,2708,2
3,2709,3
4,2710,5
2,2711,5
3,2712,5
4,2713,5
2,2714,5
3,2715,5
1,2716,4
4,2717,2
5,2718,3
3,2719,4
4,2720,5
4,2721,4
4,2722,2
3,2723,1
1,2724,2
2,2725,3
3,2726,4
4,2727,5
2,2728,5
3,2729,5
4,2730,5
5,2731,5
4,2732,5
2,2733,5
1,2734,5
2,2735,5
3,2736,3
4,2737,3
5,2738,3
5,2739,4
5,2740,4
5,2741,4
5,2742,5
5,2743,4
5,2744,4
5,2745,5
5,2746,5
3,2747,4
3,2748,4
3,2749,3
4,2750,3
4,2751,2
4,2752,2
5,2753,2
4,2754,3
4,2755,3
5,2756,2
5,2757,3
4,2758,3
4,2759,3
3,2760,2
3,2761,2
2,2762,2
2,2763,3
2,2764,3
3,2765,2
3,2766,2
2,2767,3
3,2768,2
3,2769,3
3,2770,4
2,2771,1
2,2772,2
2,2773,2
3,2774,1
3,2775,5
2,2776,3
2,2777,2
3,2778,2
2,2779,3
3,2780,3
4,2781,2
1,2782,3
2,2783,5
2,2784,5
1,2785,5
5,2786,5
3,2787,5
2,2788,5
2,2789,2
3,2790,2
3,2791,1
2,2792,2
3,2793,3
5,2794,1
5,2795,1
5,2796,1
5,2797,1
5,2798,2
5,2799,2
5,2800,1
5,2801,2
5,2802,2
5,2803,2
5,2804,2
5,2805,2
5,2806,2
2,2807,1
3,2808,2
2,2809,1
3,2810,2
2,2811,1
3,2812,2
2,2813,1
3,2814,1
3,2815,3
3,2816,2
3,2817,3
3,2818,3
4,2819,1
3,2820,3
4,2821,2
4,2822,1
4,2823,4
4,2824,2
3,2825,3
1,2826,2
1,2827,2
1,2828,1
1,2829,1
2,2830,3
2,2831,4
1,2832,5
2,2833,3
1,2834,4
2,2835,5
1,2836,5
2,2837,3
1,2838,5
2,2839,4
1,2840,1
2,2841,5
1,2842,1
2,2843,5
3,2844,1
3,2845,5
3,2846,5
2,2847,2
2,2848,4
5,2849,3
4,2850,4
5,2851,5
4,2852,3
5,2853,5
5,2854,5
5,2855,5
5,2856,5
4,2857,3
4,2858,3
5,2859,3
4,2860,4
5,2861,4
4,2862,4
4,2863,5
4,2864,5
5,2865,1
5,2866,5
4,2867,5
3,2868,5
3,2869,4
4,2870,3
2,2871,4
1,2872,1
2,2873,3
2,2874,3
1,2875,1
2,2876,3
1,2877,1
3,2878,4
3,2879,5
4,2880,4
3,2881,4
4,2882,4
3,2883,4
4,2884,2
4,2885,4
4,2886,3
4,2887,3
5,2888,5
4,2889,3
5,2890,3
4,2891,5
5,2892,5
5,2893,5
5,2894,5
5,2895,2
5,2896,1
5,2897,2
5,2898,2
5,2899,2
5,2900,2
5,2901,1
4,2902,1
3,2903,1
3,2904,1
4,2905,3
3,2906,2
2,2907,3
2,2908,3
1,2909,3
2,2910,5
3,2911,3
1,2912,1
1,2913,1
1,2914,5
1,2915,4
2,2916,5
2,2917,1
1,2918,5
2,2919,2
2,2920,1
2,2921,2
2,2922,2
2,2923,2
2,2924,2
1,2925,5
2,2926,5
1,2927,5
2,2928,5
1,2929,5
2,2930,5
1,2931,5
1,2932,5
3,2933,5
2,2934,5
3,2935,5
3,2936,5
1,2937,5
3,2938,5
2,2939,5
1,2940,5
4,2941,5
2,2942,5
3,2943,5
2,2944,5
2,2945,5
1,2946,5
1,2947,5
3,2948,5
4,2949,5
5,2950,3
3,2951,4
4,2952,5
5,2953,4
5,2954,4
3,2955,3
5,2956,4
4,2957,5
1,2958,2
5,2959,1
1,2960,5
5,2961,2
1,2962,3
5,2963,2
5,2964,4
2,2965,4
4,2966,2
3,2967,3
4,2968,2
5,2969,2
3,2970,1
5,2971,1
5,2972,1
5,2973,1
5,2974,1
3,2975,1
3,2976,1
3,2977,1
4,2978,1
4,2979,1
4,2980,1
5,2981,1
5,2982,1
1,2983,1
5,2984,1
5,2985,1
5,2986,2
4,2987,2
3,2988,2
4,2989,2
1,2990,2
3,2991,2
3,2992,2
1,2993,2
3,2994,2
1,2995,3
4,2996,2
5,2997,2
4,2998,3
4,2999,2
4,3000,3
4,3001,4
2,3002,4
4,3003,5
3,3004,5
3,3005,5
5,3006,5
3,3007,5
3,3008,5
5,3009,5
5,3010,5
5,3011,5
5,3012,5
2,3013,5
1,3014,5
2,3015,2
2,3016,5
2,3017,2
2,3018,2
1,3019,2
1,3020,2
1,3021,2
1,3022,2
3,3023,2
2,3024,2
3,3025,2
3,3026,2
3,3027,2
5,3028,5
3,3029,3
1,3030,3
1,3031,2
5,3032,3
4,3033,1
5,3034,3
1,3035,3
5,3036,3
2,3037,3
1,3038,4
2,3039,4
2,3040,4
2,3041,4
2,3042,2
5,3043,4
5,3044,4
5,3045,4
5,3046,4
5,3047,4
5,3048,4
5,3049,4
5,3050,1
5,3051,3
5,3052,2
5,3053,3
5,3054,5
5,3055,4
5,3056,3
5,3057,4
5,3058,5
5,3059,3
5,3060,4
5,3061,4
5,3062,4
5,3063,4
5,3064,4
5,3065,5
5,3066,5
5,3067,4
3,3068,3
4,3069,4
5,3070,5
4,3071,4
4,3072,5
3,3073,5
4,3074,5
5,3075,5
2,3076,1
1,3077,2
5,3078,2
2,3079,1
3,3080,2
2,3081,4
4,3082,2
4,3083,3
2,3084,2
3,3085,1
2,3086,4
2,3087,2
1,3088,2
1,3089,3
1,3090,1
1,3091,2
1,3092,2
1,3093,1
1,3094,2
1,3095,2
1,3096,2
1,3097,3
1,3098,2
1,3099,4
1,3100,2
1,3101,2
1,3102,1
1,3103,3
2,3104,4
2,3105,2
2,3106,3
2,3107,2
2,3108,3
2,3109,4
2,3110,3
2,3111,4
2,3112,4
3,3113,3
2,3114,2
2,3115,3
3,3116,5
2,3117,2
3,3118,2
4,3119,2
4,3120,1
5,3121,2
5,3122,3
5,3123,1
5,3124,1
5,3125,1
5,3126,1
5,3127,2
5,3128,2
5,3129,1
5,3130,2
5,3131,2
5,3132,2
2,3133,2
5,3134,2
2,3135,2
2,3136,1
2,3137,2
2,3138,1
2,3139,2
2,3140,1
2,3141,2
2,3142,1
2,3143,1
2,3144,3
2,3145,2
5,3146,3
3,3147,3
3,3148,1
2,3149,3
3,3150,2
1,3151,1
3,3152,4
3,3153,2
3,3154,3
3,3155,2
4,3156,2
4,3157,1
4,3158,1
4,3159,3
2,3160,4
4,3161,5
4,3162,3
4,3163,4
4,3164,5
4,3165,5
4,3166,3
4,3167,5
1,3168,4
3,3169,1
2,3170,5
3,3171,1
5,3172,5
4,3173,1
3,3174,5
4,3175,5
5,3176,2
3,3177,4
4,3178,3
4,3179,4
4,3180,5
4,3181,3
4,3182,5
5,3183,5
5,3184,5
4,3185,5
3,3186,3
4,3187,3
5,3188,3
4,3189,4
5,3190,4
5,3191,4
5,3192,5
5,3193,5
1,3194,1
2,3195,5
2,3196,5
1,3197,5
2,3198,4
4,3199,3
2,3200,4
3,3201,1
2,3202,3
1,3203,3
4,3204,1
2,3205,3
2,3206,1
3,3207,4
1,3208,5
2,3209,4
2,3210,4
1,3211,4
2,3212,4
2,3213,2
2,3214,4
3,3215,3
2,3216,3
4,3217,5
2,3218,3
2,3219,3
1,3220,5
3,3221,5
4,3222,5
2,3223,5
3,3224,2
2,3225,1
3,3226,2
4,3227,2
3,3228,2
4,3229,2
4,3230,1
3,3231,1
2,3232,1
3,3233,1
5,3234,3
2,3235,2
1,3236,3
2,3237,3
4,3238,3
3,3239,5
5,3240,3
4,3241,1
2,3242,1
1,3243,5
2,3244,4
3,3245,5
4,3246,1
5,3247,5
1,3248,2
2,3249,1
4,3250,2
2,3251,2
3,3252,2
4,3253,2
1,3254,5
2,3255,5
3,3256,5
4,3257,5
2,3258,5
3,3259,5
4,3260,5
2,3261,5
3,3262,5
1,3263,5
4,3264,5
5,3265,5
3,3266,5
4,3267,5
4,3268,5
4,3269,5
3,3270,5
1,3271,5
2,3272,5
3,3273,5
4,3274,5
2,3275,5
3,3276,5
4,3277,5
5,3278,5
4,3279,3
2,3280,4
1,3281,5
2,3282,4
3,3283,4
4,3284,3
5,3285,4
5,3286,5
5,3287,2
5,3288,1
5,3289,5
5,3290,2
5,3291,3
5,3292,2
5,3293,4
3,3294,4
3,3295,2
3,3296,3
4,3297,2
4,3298,2
4,3299,1
5,3300,1
4,3301,1
4,3302,1
5,3303,1
5,3304,1
4,3305,1
4,3306,1
3,3307,1
3,3308,1
2,3309,1
2,3310,1
2,3311,1
3,3312,1
3,3313,1
2,3314,1
3,3315,2
3,3316,2
3,3317,2
2,3318,2
2,3319,2
2,3320,2
3,3321,2
3,3322,2
2,3323,2
2,3324,3
3,3325,2
2,3326,2
3,3327,3
4,3328,2
1,3329,3
2,3330,4
2,3331,4
1,3332,5
5,3333,5
3,3334,5
2,3335,5
2,3336,5
3,3337,5
3,3338,5
2,3339,5
3,3340,5
5,3341,5
5,3342,5
5,3343,5
5,3344,2
5,3345,5
5,3346,2
5,3347,2
5,3348,2
5,3349,2
5,3350,2
5,3351,2
5,3352,2
5,3353,2
2,3354,2
3,3355,2
2,3356,2
3,3357,5
2,3358,3
3,3359,3
2,3360,2
3,3361,3
3,3362,1
3,3363,3
3,3364,3
3,3365,3
4,3366,3
3,3367,4
4,3368,4
4,3369,4
4,3370,4
4,3371,2
3,3372,4
1,3373,4
1,3374,4
1,3375,4
1,3376,4
2,3377,4
2,3378,4
1,3379,1
2,3380,3
1,3381,2
2,3382,3
1,3383,5
2,3384,4
1,3385,3
2,3386,4
1,3387,5
2,3388,3
1,3389,4
2,3390,4
3,3391,4
3,3392,4
3,3393,4
2,3394,5
2,3395,5
5,3396,4
4,3397,3
5,3398,4
4,3399,5
5,3400,4
5,3401,5
5,3402,5
5,3403,5
4,3404,5
4,3405,1
5,3406,2
4,3407,2
5,3408,1
4,3409,2
4,3410,4
4,3411,2
5,3412,3
5,3413,2
4,3414,1
3,3415,4
3,3416,2
4,3417,2
2,3418,3
1,3419,1
2,3420,2
2,3421,2
1,3422,1
2,3423,2
1,3424,2
3,3425,2
3,3426,3
4,3427,2
3,3428,4
4,3429,2
3,3430,2
4,3431,1
4,3432,3
4,3433,4
4,3434,2
5,3435,3
4,3436,2
5,3437,3
4,3438,4
5,3439,3
5,3440,4
5,3441,4
5,3442,3
5,3443,2
5,3444,3
5,3445,5
5,3446,2
5,3447,2
5,3448,2
4,3449,1
3,3450,2
3,3451,3
4,3452,1
3,3453,1
2,3454,1
2,3455,1
1,3456,2
2,3457,2
3,3458,1
1,3459,2
1,3460,2
1,3461,2
1,3462,2
2,3463,2
2,3464,2
1,3465,1
2,3466,2
2,3467,1
2,3468,2
2,3469,1
2,3470,2
2,3471,1
1,3472,1
2,3473,3
1,3474,2
2,3475,3
1,3476,3
2,3477,1
1,3478,3
1,3479,2
3,3480,1
2,3481,4
3,3482,2
3,3483,3
1,3484,2
3,3485,2
2,3486,1
1,3487,1
4,3488,3
2,3489,4
3,3490,5
2,3491,3
2,3492,4
1,3493,5
1,3494,5
3,3495,3
4,3496,5
5,3497,4
3,3498,1
4,3499,5
5,3500,1
5,3501,5
3,3502,1
5,3503,5
4,3504,5
1,3505,2
5,3506,4
1,3507,3
5,3508,4
1,3509,5
5,3510,3
5,3511,5
2,3512,5
4,3513,5
3,3514,5
4,3515,3
5,3516,3
3,3517,3
5,3518,4
5,3519,4
5,3520,4
5,3521,5
3,3522,5
3,3523,1
3,3524,5
4,3525,5
4,3526,5
4,3527,4
5,3528,3
5,3529,4
1,3530,1
5,3531,3
5,3532,3
5,3533,1
4,3534,3
3,3535,1
4,3536,4
1,3537,5
3,3538,4
3,3539,4
1,3540,4
3,3541,4
1,3542,2
4,3543,4
5,3544,3
4,3545,3
4,3546,5
4,3547,3
4,3548,3
2,3549,5
4,3550,5
3,3551,5
3,3552,5
5,3553,2
3,3554,1
3,3555,2
5,3556,2
5,3557,2
5,3558,2
5,3559,1
2,3560,1
1,3561,1
2,3562,1
2,3563,3
2,3564,2
2,3565,3
1,3566,3
1,3567,3
1,3568,5
1,3569,3
3,3570,1
2,3571,1
3,3572,5
3,3573,4
3,3574,5
5,3575,1
3,3576,5
1,3577,2
1,3578,1
5,3579,2
4,3580,2
5,3581,2
1,3582,2
5,3583,5
2,3584,5
1,3585,5
2,3586,5
2,3587,5
2,3588,5
2,3589,5
5,3590,5
5,3591,5
5,3592,5
5,3593,5
5,3594,5
5,3595,5
5,3596,5
5,3597,5
5,3598,5
5,3599,5
5,3600,5
5,3601,5
5,3602,5
5,3603,5
5,3604,5
5,3605,5
5,3606,5
5,3607,5
5,3608,3
5,3609,4
5,3610,5
5,3611,4
5,3612,4
5,3613,3
5,3614,4
3,3615,5
4,3616,2
5,3617,1
4,3618,5
4,3619,2
3,3620,3
4,3621,2
5,3622,4
2,3623,4
1,3624,2
5,3625,3
2,3626,2
3,3627,2
2,3628,1
4,3629,1
4,3630,1
2,3631,1
3,3632,1
2,3633,1
2,3634,1
1,3635,1
1,3636,1
1,3637,1
1,3638,1
1,3639,1
1,3640,1
1,3641,1
1,3642,1
1,3643,1
1,3644,2
1,3645,2
1,3646,2
1,3647,2
1,3648,2
1,3649,2
1,3650,2
2,3651,2
2,3652,2
2,3653,3
2,3654,2
2,3655,2
2,3656,3
2,3657,2
2,3658,3
2,3659,4
3,3660,4
2,3661,5
2,3662,5
3,3663,5
2,3664,5
3,3665,5
4,3666,5
4,3667,5
5,3668,5
5,3669,5
5,3670,5
5,3671,5
5,3672,5
5,3673,2
5,3674,5
5,3675,2
5,3676,2
5,3677,2
5,3678,2
5,3679,2
2,3680,2
5,3681,2
2,3682,2
2,3683,2
2,3684,2
2,3685,2
2,3686,5
2,3687,3
2,3688,3
2,3689,2
2,3690,3
2,3691,1
2,3692,3
5,3693,3
3,3694,3
3,3695,3
2,3696,4
3,3697,4
1,3698,4
3,3699,4
3,3700,2
3,3701,4
3,3702,4
4,3703,4
4,3704,4
4,3705,4
4,3706,4
2,3707,4
4,3708,1
4,3709,3
4,3710,2
4,3711,3
4,3712,5
4,3713,4
4,3714,3
1,3715,4
3,3716,5
2,3717,3
3,3718,4
5,3719,4
4,3720,4
3,3721,4
4,3722,4
5,3723,5
3,3724,5
4,3725,4
4,3726,3
4,3727,4
4,3728,5
4,3729,4
5,3730,5
5,3731,5
4,3732,5
3,3733,5
4,3734,1
5,3735,2
4,3736,2
5,3737,1
5,3738,2
5,3739,4
5,3740,2
1,3741,3
2,3742,2
2,3743,1
1,3744,4
2,3745,2
4,3746,2
2,3747,3
3,3748,1
2,3749,2
1,3750,2
4,3751,1
2,3752,2
2,3753,2
3,3754,2
1,3755,3
2,3756,2
2,3757,4
1,3758,2
2,3759,2
2,3760,1
2,3761,3
3,3762,4
2,3763,2
4,3764,3
2,3765,2
2,3766,3
1,3767,4
3,3768,3
4,3769,4
2,3770,4
3,3771,3
2,3772,2
3,3773,3
4,3774,5
3,3775,2
4,3776,5
4,3777,1
3,3778,5
2,3779,1
3,3780,5
5,3781,5
2,3782,2
1,3783,4
2,3784,3
4,3785,4
3,3786,5
5,3787,3
4,3788,5
2,3789,5
1,3790,5
2,3791,5
3,3792,3
4,3793,3
5,3794,3
1,3795,4
2,3796,4
4,3797,4
2,3798,5
3,3799,5
4,3800,1
1,3801,5
2,3802,5
3,3803,5
4,3804,4
2,3805,3
3,3806,4
4,3807,1
2,3808,3
3,3809,3
1,3810,1
4,3811,3
5,3812,1
3,3813,4
4,3814,5
4,3815,4
4,3816,4
3,3817,4
1,3818,4
2,3819,2
3,3820,4
4,3821,3
2,3822,3
3,3823,5
4,3824,3
5,3825,3
4,3826,5
2,3827,5
1,3828,5
2,3829,5
3,3830,2
4,3831,1
5,3832,2
5,3833,2
5,3834,2
5,3835,2
5,3836,1
5,3837,1
5,3838,1
5,3839,1
5,3840,3
3,3841,2
3,3842,3
3,3843,3
4,3844,3
4,3845,5
4,3846,3
5,3847,1
4,3848,1
4,3849,5
5,3850,4
5,3851,5
4,3852,1
4,3853,5
3,3854,2
3,3855,1
2,3856,2
2,3857,2
2,3858,2
3,3859,2
3,3860,5
2,3861,5
3,3862,5
3,3863,5
3,3864,5
2,3865,5
2,3866,5
2,3867,5
3,3868,5
3,3869,5
2,3870,5
2,3871,5
3,3872,5
2,3873,5
3,3874,5
4,3875,5
1,3876,5
2,3877,5
2,3878,5
1,3879,5
5,3880,5
3,3881,5
2,3882,5
2,3883,5
3,3884,5
3,3885,3
2,3886,4
3,3887,5
5,3888,4
5,3889,4
5,3890,3
5,3891,4
5,3892,5
5,3893,2
5,3894,5
5,3895,1
5,3896,5
5,3897,1
5,3898,5
5,3899,5
5,3900,2
2,3901,4
3,3902,3
2,3903,4
3,3904,5
2,3905,3
3,3906,5
2,3907,5
3,3908,5
3,3909,5
3,3910,3
3,3911,3
3,3912,3
4,3913,4
3,3914,4
4,3915,4
4,3916,5
4,3917,5
4,3918,1
3,3919,5
1,3920,5
1,3921,5
1,3922,4
1,3923,3
2,3924,4
2,3925,1
1,3926,3
2,3927,3
1,3928,1
2,3929,3
1,3930,1
2,3931,4
1,3932,5
2,3933,4
1,3934,4
2,3935,4
1,3936,4
2,3937,2
3,3938,4
3,3939,3
3,3940,3
2,3941,5
2,3942,3
5,3943,3
4,3944,5
5,3945,5
4,3946,5
5,3947,5
5,3948,2
5,3949,1
5,3950,2
4,3951,2
4,3952,2
5,3953,2
4,3954,1
5,3955,1
4,3956,1
4,3957,1
4,3958,3
5,3959,2
5,3960,3
4,3961,3
3,3962,3
3,3963,5
4,3964,3
2,3965,1
1,3966,1
2,3967,5
2,3968,4
1,3969,5
2,3970,1
1,3971,5
3,3972,2
3,3973,1
4,3974,2
3,3975,2
4,3976,2
3,3977,2
4,3978,5
4,3979,5
4,3980,5
4,3981,5
5,3982,5
4,3983,5
5,3984,5
4,3985,5
5,3986,5
5,3987,5
5,3988,5
5,3989,5
5,3990,5
5,3991,5
5,3992,5
5,3993,5
5,3994,5
5,3995,5
4,3996,5
3,3997,5
3,3998,5
4,3999,5
3,4000,5
2,4001,5
2,4002,5
1,4003,3
2,4004,4
3,4005,5
1,4006,4
1,4007,4
1,4008,3
1,4009,4
2,4010,5
2,4011,2
1,4012,5
2,4013,1
2,4014,5
2,4015,1
2,4016,5
2,4017,5
2,4018,2
1,4019,4
2,4020,3
1,4021,4
2,4022,5
1,4023,3
2,4024,5
1,4025,5
1,4026,5
3,4027,5
2,4028,3
3,4029,3
3,4030,3
1,4031,4
3,4032,4
2,4033,4
1,4034,5
4,4035,5
2,4036,1
3,4037,5
2,4038,5
2,4039,5
1,4040,4
1,4041,3
3,4042,4
4,4043,1
5,4044,3
3,4045,3
4,4046,1
5,4047,3
5,4048,1
3,4049,4
5,4050,5
4,4051,4
1,4052,4
5,4053,4
1,4054,4
5,4055,2
1,4056,4
5,4057,3
5,4058,3
2,4059,5
4,4060,3
3,4061,3
4,4062,5
5,4063,5
3,4064,5
5,4065,5
5,4066,2
5,4067,1
5,4068,2
3,4069,2
3,4070,2
3,4071,2
4,4072,1
4,4073,1
4,4074,1
5,4075,1
5,4076,3
1,4077,2
5,4078,3
5,4079,3
5,4080,3
4,4081,5
3,4082,3
4,4083,1
1,4084,1
3,4085,5
3,4086,4
1,4087,5
3,4088,1
1,4089,5
4,4090,2
5,4091,1
4,4092,2
4,4093,2
4,4094,2
4,4095,2
2,4096,5
4,4097,5
3,4098,5
3,4099,5
5,4100,5
3,4101,5
3,4102,5
5,4103,5
5,4104,5
5,4105,5
5,4106,5
2,4107,5
1,4108,5
2,4109,5
2,4110,5
2,4111,5
2,4112,5
1,4113,5
1,4114,5
1,4115,5
1,4116,5
3,4117,5
2,4118,5
3,4119,5
3,4120,5
3,4121,3
5,4122,4
3,4123,5
1,4124,4
1,4125,4
5,4126,3
4,4127,4
5,4128,5
1,4129,2
5,4130,3
2,4131,4
1,4132,2
2,4133,3
2,4134,2
2,4135,1
2,4136,2
5,4137,2
5,4138,1
5,4139,1
5,4140,3
5,4141,23
5,4142,4
5,4143,3
5,4144,3
5,4145,3
5,4146,2
5,4147,1
5,4148,1
5,4149,1
5,4150,2
5,4151,3
5,4152,5
5,4153,5
5,4154,5
5,4155,5
5,4156,5
5,4157,5
5,4158,4
5,4159,3
5,4160,3
5,4161,2
3,4162,3
4,4163,2
5,4164,3
4,4165,1
4,4166,4
3,4167,1
4,4168,2
5,4169,4
2,4170,3
1,4171,5
5,4172,3
2,4173,4
3,4174,5
2,4175,2
4,4176,3
4,4177,2
2,4178,2
3,4179,1
2,4180,1
2,4181,1
1,4182,1
1,4183,1
1,4184,1
1,4185,1
1,4186,1
1,4187,1
1,4188,1
1,4189,1
1,4190,1
1,4191,1
1,4192,1
1,4193,1
1,4194,1
1,4195,2
1,4196,2
1,4197,2
2,4198,2
2,4199,2
2,4200,2
2,4201,2
2,4202,2
2,4203,2
2,4204,3
2,4205,2
2,4206,2
3,4207,3
2,4208,2
2,4209,3
3,4210,4
2,4211,4
3,4212,2
4,4213,3
4,4214,2
5,4215,2
5,4216,1
5,4217,1
5,4218,1
5,4219,1
5,4220,1
5,4221,1
5,4222,1
5,4223,1
5,4224,1
5,4225,1
5,4226,1
2,4227,1
5,4228,1
2,4229,1
2,4230,1
2,4231,1
2,4232,2
2,4233,2
2,4234,2
2,4235,2
2,4236,2
2,4237,2
2,4238,2
2,4239,2
5,4240,2
3,4241,3
3,4242,2
2,4243,2
3,4244,3
1,4245,2
3,4246,3
3,4247,4
3,4248,4
3,4249,5
4,4250,5
4,4251,5
4,4252,5
4,4253,5
2,4254,2
4,4255,5
4,4256,2
4,4257,2
4,4258,2
4,4259,2
4,4260,2
4,4261,2
1,4262,2
3,4263,2
2,4264,2
3,4265,2
5,4266,2
4,4267,5
3,4268,3
4,4269,3
5,4270,2
3,4271,3
4,4272,1
4,4273,3
4,4274,3
4,4275,1
4,4276,1
5,4277,1
5,4278,2
4,4279,2
3,4280,2
4,4281,2
5,4282,2
4,4283,2
5,4284,2
5,4285,2
5,4286,2
5,4287,3
1,4288,2
2,4289,2
2,4290,3
1,4291,2
2,4292,3
4,4293,4
2,4294,4
3,4295,5
2,4296,5
1,4297,5
4,4298,5
2,4299,5
2,4300,1
3,4301,1
1,4302,1
2,4303,2
2,4304,2
1,4305,2
2,4306,2
2,4307,2
2,4308,2
3,4309,2
2,4310,2
4,4311,2
2,4312,3
2,4313,2
1,4314,2
3,4315,3
4,4316,2
2,4317,3
3,4318,4
2,4319,4
3,4320,5
4,4321,5
3,4322,5
4,4323,5
4,4324,5
3,4325,1
2,4326,1
3,4327,1
5,4328,2
2,4329,2
1,4330,2
2,4331,2
4,4332,2
3,4333,2
5,4334,2
4,4335,2
2,4336,2
1,4337,3
2,4338,2
3,4339,2
4,4340,3
5,4341,2
1,4342,3
2,4343,4
4,4344,4
2,4345,5
3,4346,5
4,4347,5
1,4348,5
2,4349,5
3,4350,1
4,4351,1
2,4352,1
3,4353,2
4,4354,2
2,4355,2
3,4356,2
1,4357,2
4,4358,2
5,4359,2
3,4360,2
4,4361,2
4,4362,3
4,4363,2
3,4364,2
1,4365,3
2,4366,2
3,4367,3
4,4368,4
2,4369,4
3,4370,5
4,4371,5
5,4372,5
4,4373,5
2,4374,5
1,4375,4
2,4376,4
3,4377,4
4,4378,2
5,4379,4
5,4380,4
5,4381,4
5,4382,4
5,4383,4
5,4384,4
5,4385,4
5,4386,1
5,4387,3
3,4388,2
3,4389,3
3,4390,5
4,4391,4
4,4392,3
4,4393,4
5,4394,5
4,4395,3
4,4396,4
5,4397,4
5,4398,4
4,4399,4
4,4400,4
3,4401,5
3,4402,5
2,4403,4
2,4404,3
2,4405,4
3,4406,5
3,4407,4
2,4408,5
3,4409,5
3,4410,5
3,4411,5
2,4412,1
2,4413,2
2,4414,2
3,4415,1
3,4416,2
2,4417,4
2,4418,2
3,4419,3
2,4420,2
3,4421,1
4,4422,4
1,4423,2
2,4424,2
2,4425,3
1,4426,1
5,4427,2
3,4428,2
2,4429,1
2,4430,2
3,4431,2
3,4432,2
2,4433,3
3,4434,2
5,4435,4
5,4436,2
5,4437,2
5,4438,1
5,4439,3
5,4440,4